Sample1	Sample2
ACT1	4.60517018598809	4.78749174278205
NOTCH	0.693147180559945	3.40119738166216
